"","year","season","SUBLOCATION","rainfall","noaa","modis","znoaa","zrain","zmodis","zlnoaa","zlrain","zlmodis","stock_beginning","loss","mortality_rate","payouts","capital","capital_ins","hist"
"1",2008,"SRSD","BUBISA",1.25282329464877,0.172004078945356,0.210255339789474,-0.288834305168325,0.0958685540263888,-0.338363304884606,-0.217053152580461,0.379042843413202,-0.300338741207629,50.7736842930317,1.59736840887681,0.0314605573953994,0,4842.697213023,4715.20217321578,4842.697213023
"2",2008,"SRSD","DAKABARICHA",3.00476693983443,0.440442998716569,0.410462055,-0.629328194165148,0.239288299613493,-0.795962589204264,-0.554855994999503,0.525894498045316,-0.715755540589364,21.3230768228189,0.179487179487179,0.00841750845708634,0,4957.91245771457,4830.41741790734,4957.91245771457
"3",2008,"SRSD","DIRIB GOMBO",2.20191617603658,0.285642995103511,0.317570091,-0.739893921320663,0.0200577727047364,-0.748065339624745,-0.698992334892038,0.281231849134723,-0.677781024936035,10.3559139687368,1.03978494899247,0.100404942734312,0,4497.97528632844,4370.48024652122,4497.97528632844
"4",2008,"SRSD","EL GADE",0.442480595985938,0.112782603354415,0.135914825947368,-0.642052828199881,-0.333212782265229,-0.823566128874661,-0.477838109290179,-0.16467348385945,-0.880879764553215,21.4163265349914,1.13061223604849,0.0527920712359903,0,4736.03964382005,4608.54460401282,4736.03964382005
"5",2008,"SRSD","ILLAUT",0.433845595913957,0.155719948743282,0.183797012263158,-0.605409671815415,-0.637678522534411,-0.0872433716822633,-0.554865722518324,-0.652357230937762,-0.0440100044045469,27.6999998007502,1.10000000468322,0.0397111917904574,0,4801.44404104771,4673.94900124049,4801.44404104771
"6",2008,"SRSD","KALACHA",0.443282013960304,0.0992897954222562,0.118534414263158,-0.822320406498435,-0.238667296009765,-0.76663012795463,-0.658898506554475,-0.0285322138442987,-0.819816790181777,23.9670211924834,1.86914893350703,0.0779883707072129,0,4610.05814646394,4482.56310665671,4610.05814646394
"7",2008,"SRSD","KARARE",2.28943825221238,0.364510561899516,0.389193078315789,-0.0351179717395682,-0.0320505211063858,-0.285065968952863,0.05491765231831,0.186504278025282,-0.216912280841808,18.6307693444766,0.761538463143202,0.0408753094981005,0,4795.6234525095,4668.12841270227,4795.6234525095
"8",2008,"SRSD","KARGI",0.514140397552616,0.151089085089786,0.177732114736842,-0.296806236818443,-0.223734336709861,-0.0393970689659897,-0.200911155089088,-0.0456899777628763,0.00918068637115536,57.8572913110256,4.71562500321306,0.0815044205554508,0,4592.47789722275,4464.98285741552,4592.47789722275
"9",2008,"SRSD","LOGOLOGO",0.594246289729443,0.164664699527402,0.187531564052632,-0.560493452009462,-0.444880742058603,-0.653802555471699,-0.568953817468619,-0.353738764286391,-0.663770340585665,30.6166666666667,9.10333333412806,0.297332607538206,336.663037691028,3513.33696230897,3722.50496019277,3513.33696230897
"10",2008,"SRSD","LOIYANGALANI",0.400122589624208,0.143023792239339,0.130769393578947,0.1120884081037,-0.630739303920464,-0.348409135560313,0.198279161051691,-0.689807146359473,-0.314867887015303,18.6456692014623,5.28582679122452,0.283488178091778,267.440890458889,3582.55910954111,3722.50496019277,3582.55910954111
"11",2008,"SRSD","LONTOLIO",0.682684269837819,0.189739766334525,0.230877597,-0.465334857105399,-0.305503431007781,-0.103029052857198,-0.414651671995698,-0.156611875269591,-0.0422521509474415,7.04642856121063,0.285714289705668,0.0405473903870218,0,4797.26304806489,4669.76800825766,4797.26304806489
"12",2008,"SRSD","NGURUNIT",0.815038764498097,0.193284809963957,0.26027392,-0.703731407335368,-0.432398399126701,-0.259033994153013,-0.709067656519492,-0.350102225678359,-0.210605067241722,35.1641025054149,1.3076923138056,0.0371882749916405,0,4814.0586250418,4686.56358523457,4814.0586250418
"13",2008,"SRSD","SAGANTE",2.38697328455786,0.32202096584513,0.356048263125,-0.458853253814086,0.124166755023314,-0.296856114284553,-0.369442419903238,0.41353523823756,-0.192517277399935,14.7566668204963,0.423333333432674,0.0286875985330701,0,4856.56200733465,4729.06696752742,4856.56200733465
"14",2008,"SRSD","SOUTH HORR",0.606079488762895,0.159194012158795,0.228688739842105,-0.784995666620719,-0.675988678252887,-0.230893205493856,-0.783694603589775,-0.710309533870791,-0.180095337267462,14.5630434793623,0.441304349380991,0.030303030407509,0,4848.48484796246,4720.98980815523,4848.48484796246
"15",2008,"SRSD","TURBI",1.08291772801053,0.137472184335806,0.157843339157895,-0.624585573642318,-0.00155605341801092,-0.838785035778087,-0.670792037537737,0.252450686513572,-0.895387116750912,34.1928571519398,1.19523810098569,0.0349557831822744,0,4825.22108408863,4697.7260442814,4825.22108408863
"16",2009,"LRLD","BUBISA",0.313085838934227,0.12714031130742,0.176871356296296,-1.34830951971862,-1.61511601220518,-1.09860515425721,-1.55017860559022,-1.92813492488626,-1.2316034717057,51.3105264635463,10.2263158108843,0.199302492406692,0,4003.48753796654,3875.99249815931,4003.48753796654
"17",2009,"LRLD","DAKABARICHA",0.833391488381939,0.225734911892113,0.278113476269231,-2.57899934169218,-1.5985271302967,-1.69019095170509,-2.85056102473438,-1.82679923645919,-1.8024625050433,21.1615383563898,10.448717991511,0.493759849380516,1318.79924690258,2531.20075309742,3722.50496019277,2531.20075309742
"18",2009,"LRLD","DIRIB GOMBO",0.570835596422545,0.190300745575827,0.210462637185185,-1.59068434406631,-1.52228270814795,-1.64140068198544,-1.82076705951451,-1.7936471135434,-1.79893269470296,10.1473684473257,5.02526313395877,0.495228212126577,1326.14106063289,2523.85893936711,3722.50496019277,2523.85893936711
"19",2009,"LRLD","EL GADE",0.244076307001824,0.125427153109922,0.128766629444444,-0.646914526690822,-1.23371617107014,-1.02364573005726,-0.64284425826003,-1.30782706274584,-1.16652451738274,22.3780000787973,3.52999999850988,0.157744212444368,0,4211.27893777816,4083.78389797093,4211.27893777816
"20",2009,"LRLD","ILLAUT",0.131586470574137,0.15747526680518,0.152785391740741,-1.01096115636988,-1.5214841820918,-1.49175833031902,-1.06974117250329,-2.25864987941277,-1.64541234601545,27.9705881393131,7.75000005587935,0.277076764252469,235.383821262343,3614.61617873766,3722.50496019277,3614.61617873766
"21",2009,"LRLD","KALACHA",0.199780998010891,0.113068393981862,0.112293162814815,-0.768248990715781,-1.28659940401584,-1.10309389899216,-0.793526863298128,-1.40872918041138,-1.23645647276698,23.341237221182,2.30618555567314,0.0988030554601574,0,4505.98472269921,4378.48968289199,4505.98472269921
"22",2009,"LRLD","KARARE",0.529077234025807,0.221852835782391,0.25609050362963,-1.57195963178009,-1.68851906428995,-1.98467294515353,-1.66165531779958,-2.15091461051687,-2.11040283878569,18.8851851887173,5.21851854412644,0.27632869320467,231.643466023349,3618.35653397665,3722.50496019277,3618.35653397665
"23",2009,"LRLD","KARGI",0.147815161748147,0.14389018595197,0.149308237333333,-0.77697038362245,-1.44162250220654,-1.18355376051043,-0.810454796471612,-1.86983929426934,-1.27584195876837,63.6886599039294,6.08453607774272,0.0955356273302169,0,4522.32186334892,4394.82682354169,4522.32186334892
"24",2009,"LRLD","LOGOLOGO",0.171420711800009,0.16714144349168,0.159632986740741,-0.456192690464314,-1.49028226917701,-1.1589068930672,-0.446881920035095,-2.08646228909572,-1.33455423941409,27.1609757295469,16.3999999092846,0.603807465261419,1869.0373263071,1980.9626736929,3722.50496019277,1980.9626736929
"25",2009,"LRLD","LOIYANGALANI",0.426169810550463,0.136369779217391,0.119007040037037,-0.327401590741696,-1.09072530174373,-1.49212464386178,-0.250977606824332,-1.1718691871585,-1.59368301022103,14.2246153959861,4.55923076650271,0.320516979867816,452.584899339081,3397.41510066092,3722.50496019277,3397.41510066092
"26",2009,"LRLD","LONTOLIO",0.18471489112608,0.20395147969355,0.18690049437037,0.161940818921495,-1.42706770416887,-1.52730381863959,0.224901283867319,-1.98057986363839,-1.66213083150581,6.69655170522887,0.51724138265026,0.0772399595222094,0,4613.80020238895,4486.30516258173,4613.80020238895
"27",2009,"LRLD","NGURUNIT",0.20152537097665,0.192163986276295,0.207307877666667,-0.613409962934467,-1.53362203790123,-1.54503993437629,-0.620782971301151,-2.2626929051966,-1.69199133125927,34.6999999165535,16.1900000222027,0.466570606949176,1182.85303474588,2667.14696525412,3722.50496019277,2667.14696525412
"28",2009,"LRLD","SAGANTE",0.61612512232407,0.194989780829262,0.20865070562963,-1.6767752020674,-1.49893807526854,-1.57070944057851,-1.89021010110372,-1.74472174032741,-1.77493305100863,15.6366667057077,7.98999998122454,0.510978466932983,1404.89233466491,2445.10766533509,3722.50496019277,2445.10766533509
"29",2009,"LRLD","SOUTH HORR",0.366562091976846,0.153181826710216,0.192803729074074,-1.56503307535179,-1.45359406051839,-1.55412216791581,-1.71366960315436,-1.9040649937656,-1.66492712334124,14.680851085706,6.07446807083931,0.413768114353652,918.840571768258,2931.15942823174,3722.50496019277,2931.15942823174
"30",2009,"LRLD","TURBI",0.451962279771988,0.125343579073845,0.156555710148148,-1.14597413644309,-1.28837006127268,-1.06728493675632,-1.28636748262705,-1.34927755289324,-1.18291462753592,35.2609755585833,6.25853656559456,0.177491872146206,0,4112.54063926897,3985.04559946174,4112.54063926897
"31",2009,"SRSD","BUBISA",0.850830467637199,0.198907972567253,0.270772693052632,0.199753970170223,-0.442199711242241,1.11740107100589,0.319430984108814,-0.404809752914942,1.17111849576733,31.8933332808812,1.78399999727805,0.0559364548561467,0,4720.31772571927,4592.82268591204,4720.31772571927
"32",2009,"SRSD","DAKABARICHA",2.13597615702391,0.457545378683166,0.481964406421053,-0.36744943542586,-0.336503496176743,0.0418981800988688,-0.292554089462881,-0.230205971358929,0.117108526752656,11.5631578519548,0.989473684445808,0.0855712338371763,0,4572.14383081412,4444.64879100689,4572.14383081412
"33",2009,"SRSD","DIRIB GOMBO",1.59132270569406,0.340881797175334,0.400434259789474,-0.119279491064457,-0.438146708154359,0.220600497864515,-0.0130593370508249,-0.398096002437815,0.301113167305328,4.81770834443159,0.352083331982916,0.0730810806324257,0,4634.59459683787,4507.09955703064,4634.59459683787
"34",2009,"SRSD","EL GADE",0.32650786179214,0.169250705142877,0.164555042526316,1.02353093883856,-0.660053418818667,0.449342892901582,0.872644401876767,-0.697796750376698,0.523987427367491,16.6339999127388,3.86399998292327,0.232295298977614,11.4764948880712,3838.52350511193,3722.50496019277,3838.52350511193
"35",2009,"SRSD","ILLAUT",0.351184890720563,0.157978065822089,0.176321553526316,-0.544961623563855,-0.865527676869664,-0.381563140486504,-0.488585589185842,-1.075956906113,-0.367119233365012,23.6105263295927,2.37631580057113,0.100646456050949,0,4496.76771974525,4369.27267993803,4496.76771974525
"36",2009,"SRSD","KALACHA",0.250879720545139,0.147476175689889,0.136413762842105,0.572447844330328,-0.793795248907288,0.366988664597346,0.552491930293826,-0.98260955020966,0.431711660503774,17.5740000540018,1.77599999643862,0.101058381187054,0,4494.70809406473,4367.2130542575,4494.70809406473
"37",2009,"SRSD","KARARE",1.57119093794002,0.390038138027302,0.441962941842105,0.307839259637238,-0.613394848499127,0.587301626605523,0.371298692097509,-0.700471058876672,0.609154976085183,16.7127273169431,1.14909090955149,0.0687554393582765,0,4656.22280320862,4528.72776340139,4656.22280320862
"38",2009,"SRSD","KARGI",0.318620592344729,0.174762288231894,0.183408448526316,0.340815706476772,-0.834711165227531,0.184149393943099,0.394827465036981,-1.02304435130636,0.246095068010297,60.5515151361022,1.24848483976993,0.0206185565623535,0,4896.90721718823,4769.41217738101,4896.90721718823
"39",2009,"SRSD","LOGOLOGO",0.324254035664517,0.173568631361222,0.192503725947368,-0.403931462517324,-1.03358534143552,-0.534510782189991,-0.370621292239012,-1.52845121805233,-0.523291620613816,13.5065217218969,1.30434783288966,0.0965717051174647,0,4517.14147441268,4389.64643460545,4517.14147441268
"40",2009,"SRSD","LOIYANGALANI",0.415399819444789,0.213674102262805,0.163684108052632,1.76748690050627,-0.567996568647582,1.23475145452468,1.23802376371797,-0.590606639926346,1.24617141734107,10.147692330067,1.52923076857741,0.150697391962348,0,4246.51304018826,4119.01800038104,4246.51304018826
"41",2009,"SRSD","LONTOLIO",0.450491096454142,0.21868891012687,0.232774104421053,0.0851982227555784,-0.81082804939474,-0.0576259857768057,0.18252407582234,-1.00974748052276,0.00649381425424721,9.40999998648961,0.26000000188748,0.0276301808991259,0,4861.84909550437,4734.35405569714,4861.84909550437
"42",2009,"SRSD","NGURUNIT",0.586538785946279,0.208947552210098,0.257709208947368,-0.383765229164015,-0.884397908972444,-0.318850256999239,-0.335545449898759,-1.11496255460918,-0.275025036853566,20.7750000119209,2.12749999836087,0.102406738731172,0,4487.96630634414,4360.47126653692,4487.96630634414
"43",2009,"SRSD","SAGANTE",1.67579242927128,0.378531131790401,0.390542582157895,0.248843289022332,-0.392114486389761,0.0837911550160861,0.331122037245407,-0.321255527364052,0.179510950650845,8.62413794624394,4.36896553866822,0.506597362646667,1382.98681323333,2467.01318676667,3722.50496019277,2467.01318676667
"44",2009,"SRSD","SOUTH HORR",0.598900346121911,0.173798383568533,0.257463393210526,-0.453575691052705,-0.694215023026827,0.461985792113778,-0.400371467282625,-0.739607438893478,0.537309238306033,8.87234048038087,0.523404255667899,0.0589928054300088,0,4705.03597284996,4577.54093304273,4705.03597284996
"45",2009,"SRSD","TURBI",0.827316498806208,0.210705611903172,0.249809837631579,0.635345261970398,-0.385705900383927,1.27029160009744,0.797517924799305,-0.293265194380433,1.31444165341214,29.5976744751598,1.33023255508999,0.0449438200358076,0,4775.28089982096,4647.78586001374,4775.28089982096
"46",2010,"LRLD","BUBISA",0.586137139024002,0.155627223062159,0.200780451592593,-0.628470267304445,-0.803587115906866,-0.467235917556529,-0.62600897120978,-0.635063286354773,-0.460179217133243,32.2600003194809,1.26399997939666,0.0391816480743606,0,4804.0917596282,4676.59671982097,4804.0917596282
"47",2010,"LRLD","DAKABARICHA",1.23995520638591,0.317623681109367,0.355319632615385,-1.3557057590324,-1.05494476500534,-0.701089669423023,-1.26618838712815,-0.939175780543851,-0.624417551037628,10.8657894183538,0.0552631587182221,0.00508597733588273,0,4974.57011332059,4847.07507351336,4974.57011332059
"48",2010,"LRLD","DIRIB GOMBO",0.842348922604795,0.210562634583902,0.279620887192308,-1.31595496938689,-1.07790630786185,-0.659807176319388,-1.42966821256377,-1.00534492647156,-0.58864539941569,5.0333333130305,0.351041665766388,0.0697433775859026,0,4651.28311207049,4523.78807226326,4651.28311207049
"49",2010,"LRLD","EL GADE",0.618288968574276,0.177264862136405,0.198557666222222,1.46828593065108,0.470036918660261,1.42094457508262,1.46443083145914,0.575068845524988,1.50901748379795,13.5460000112653,0.576000003665686,0.0425217778817855,0,4787.39111059107,4659.89607078385,4787.39111059107
"50",2010,"LRLD","ILLAUT",0.629667260954259,0.181720243593181,0.194162746407407,0.145383813373112,0.436891084880183,0.225870522154891,0.195441474791288,0.600161017257301,0.280739049201178,21.1473684059946,3.47631577323926,0.164385265651013,0,4178.07367174494,4050.57863193771,4178.07367174494
"51",2010,"LRLD","KALACHA",0.597206537181731,0.14979602139951,0.158265568666667,0.767582041968951,0.544942457220729,1.26336877305396,0.836010598267302,0.634390453161935,1.34762611185979,16.0430000147223,0.434999996498227,0.027114629190241,0,4864.42685404879,4736.93181424157,4864.42685404879
"52",2010,"LRLD","KARARE",1.23355536432194,0.355485940893472,0.378296923185185,0.518239891314026,-0.710876016764893,0.255162896006329,0.557771284311874,-0.497875204898039,0.300521444262326,15.6509091594002,0.430909094078974,0.0275325279630904,0,4862.33736018455,4734.84232037732,4862.33736018455
"53",2010,"LRLD","KARGI",0.565580728590712,0.18215740049395,0.196136477851852,0.636652768897364,0.324184972508011,0.962571526106142,0.711712744506015,0.488418556061665,1.01207886838708,60.3515151149095,1.76868687238958,0.0293064203777154,0,4853.46789811142,4725.9728583042,4853.46789811142
"54",2010,"LRLD","LOGOLOGO",0.567210048234381,0.188249833820563,0.213932472259259,0.113561713615654,-0.299669529061115,0.214287755242523,0.198263135803285,-0.0684115561501131,0.302732987203739,11.9543478356107,1.90434782660526,0.159301691133029,0,4203.49154433485,4075.99650452763,4203.49154433485
"55",2010,"LRLD","LOIYANGALANI",0.704240508826358,0.165787144063834,0.150742827185185,0.567001326170306,0.157456566030121,0.312836545757381,0.616188215743916,0.302167588559497,0.357296003547608,9.70615380876339,1.05076922424711,0.108258043809114,0,4458.70978095443,4331.2147411472,4458.70978095443
"56",2010,"LRLD","LONTOLIO",0.668210249530523,0.206453762317241,0.228440344115385,0.246269699268321,0.130516521112103,0.00122151023719052,0.31106363009896,0.340166047163958,0.0468905735878553,9.72413785704251,1.29655173215373,0.1333333351722,0,4333.333324139,4205.83828433177,4333.333324139
"57",2010,"LRLD","NGURUNIT",0.857238738265668,0.210834134139698,0.267599247185185,0.0586971063881159,0.436442782022007,0.173307645427743,0.11306259727118,0.596835308232158,0.229158436662987,19.7307692552224,2.82051280026252,0.142949966307876,0,4285.25016846062,4157.75512865339,4285.25016846062
"58",2010,"LRLD","SAGANTE",0.866850787526395,0.227708253418321,0.284244045269231,-1.20134155760773,-1.09453578363786,-0.563420432654156,-1.24604860644999,-1.03609650385237,-0.498717028998882,4.01379309877239,0.0482758625314153,0.0120274915381613,0,4939.86254230919,4812.36750250197,4939.86254230919
"59",2010,"LRLD","SOUTH HORR",1.06287007271067,0.185584066637856,0.250571522111111,-0.297428035148392,0.59316823159022,0.389554810842591,-0.261223515904355,0.710388922958269,0.434931595758109,8.36595750172087,2.40638299096138,0.287639877499543,288.199387497717,3561.80061250228,3722.50496019277,3561.80061250228
"60",2010,"LRLD","TURBI",0.703998576695479,0.162316896238695,0.189682924518519,-0.33221583350125,-0.509389175178503,-0.303268387871924,-0.269844090823256,-0.326125394937265,-0.254284690216293,31.7395349047905,0.955813958028028,0.0301143025849369,0,4849.42848707532,4721.93344726809,4849.42848707532
"61",2010,"SRSD","BUBISA",1.1134833402135,0.136586671777915,0.193195056684211,-0.932032279710533,-0.0906382752694345,-0.74875389614611,-1.03218504806696,0.138738040291866,-0.777519332569228,33.4693332910538,1.85199999272823,0.0553342361684649,0,4723.32881915768,4595.83377935045,4723.32881915768
"62",2010,"SRSD","DAKABARICHA",2.57778836902805,0.433248466799754,0.462979717222222,-0.739493860684401,-0.0436920944155874,-0.180563403065647,-0.66794410432634,0.18571172652023,-0.0925715629157505,10.1999999806285,1.2743589763458,0.124937154780982,0,4375.31422609509,4247.81918628786,4375.31422609509
"63",2010,"SRSD","DIRIB GOMBO",2.05371130124921,0.250309831020249,0.338231709368421,-1.13686617043227,-0.0911588403301852,-0.506535084110102,-1.19978045495033,0.135007920141543,-0.414453030385854,6.18333334374862,0.720833334994192,0.116576819479247,0,4417.11590260377,4289.62086279654,4417.11590260377
"64",2010,"SRSD","EL GADE",0.563627146078534,0.139390213688889,0.151157513263158,0.142765546230394,0.00820898228806617,-0.146107767241844,0.208712140586667,0.27198964625041,-0.108233334138099,21.3379998865724,2.87200001269579,0.13459555853232,0,4327.0222073384,4199.52716753117,4327.0222073384
"65",2010,"SRSD","ILLAUT",0.798628386780929,0.160835103942941,0.181081724210526,-0.468480922095039,0.367822824455489,-0.194148242676847,-0.40574971045057,0.618046585090157,-0.160161343445566,18.5447369745295,3.24473680947956,0.174968068511087,0,4125.15965744457,3997.66461763734,4125.15965744457
"66",2010,"SRSD","KALACHA",0.544235586298246,0.138935739466043,0.130674731210526,0.325242529735439,0.0526085976134271,0.00311220232686406,0.361032153315761,0.330802042979708,0.0435706779705043,15.5060606176654,1.42727271580335,0.0920461199653323,0,4539.76940017334,4412.27436036611,4539.76940017334
"67",2010,"SRSD","KARARE",2.37641024037322,0.39445273576582,0.423265012578947,0.367148385206614,0.0383439947583866,0.278195888913261,0.424144414542946,0.274783607169455,0.327054210008175,14.7129629232265,3.28148147505191,0.22303335447625,0,3884.83322761875,3757.33818781152,3884.83322761875
"68",2010,"SRSD","KARGI",0.658990026694852,0.160775930935205,0.175343951263158,-0.0358975023611672,0.228904038881737,-0.133448179628439,0.0509240260154702,0.479208766259347,-0.0922645927934676,46.6030001115799,10.6999999982119,0.229598952269022,0,3852.00523865489,3724.51019884766,3852.00523865489
"69",2010,"SRSD","LOGOLOGO",0.806681602709872,0.175480733277905,0.208471621368421,-0.370310082010963,0.018323827475381,-0.151410110755589,-0.329061121337733,0.262625027706348,-0.0908759998392424,9.93695652727848,1.74565216898918,0.175672718723997,0,4121.63640638001,3994.14136657279,4121.63640638001
"70",2010,"SRSD","LOIYANGALANI",0.69030924574491,0.149129083577367,0.134674381736842,0.255140718465734,0.561041192840501,-0.160583615722664,0.302086196462971,0.788970775587792,-0.115422401354566,10.1070866518485,1.57637794485946,0.155967589787226,0,4220.16205106387,4092.66701125664,4220.16205106387
"71",2010,"SRSD","LONTOLIO",1.04646668322635,0.169520222551316,0.204353519578947,-0.849854958708445,0.486200332468884,-0.7380249685205,-0.87620306682659,0.74578845052434,-0.760787503049822,9.80999996264776,1.66999997794628,0.170234453038218,0,4148.82773480891,4021.33269500168,4148.82773480891
"72",2010,"SRSD","NGURUNIT",1.32142546311897,0.199138637083334,0.250610289684211,-0.584146556762716,0.569293334149027,-0.484416986293555,-0.56672531948258,0.799029019704999,-0.456174233767341,17.9097561254734,2.78780487961159,0.15565845006937,0,4221.70774965315,4094.21270984593,4221.70774965315
"73",2010,"SRSD","SAGANTE",2.10416334789332,0.297535796057834,0.37559496225,-0.765489585868276,-0.0811389194753086,-0.0811568961414994,-0.706725061121299,0.150865208801542,0.0220076411617532,4.02666663924853,0.270000000794729,0.0670529807863898,0,4664.73509606805,4537.24005626082,4664.73509606805
"74",2010,"SRSD","SOUTH HORR",1.10158525305086,0.162081502283968,0.224220698736842,-0.719469264977757,0.581997038012053,-0.338481359646287,-0.705826651583109,0.787798098087444,-0.298096902279905,5.80434782414333,0.799999997019768,0.13782771488851,0,4310.86142555745,4183.36638575023,4310.86142555745
"75",2010,"SRSD","TURBI",0.937818625064311,0.16178941007142,0.180428192315789,-0.206224402267774,-0.219629332506679,-0.320844406195181,-0.12773889801981,-0.0400658505456693,-0.273180013345773,45.3609754563105,3.37804877758026,0.0744703733462221,0,4627.64813326889,4500.15309346166,4627.64813326889
"76",2011,"LRLD","BUBISA",0.207527566414434,0.12218567667473,0.163925937666667,-1.47350878739238,-1.92884309706059,-1.4404557754401,-1.72599020236732,-2.72022866926154,-1.68395967116857,32.3513158544114,11.5684210785518,0.357587342988224,637.936714941118,3212.06328505888,3722.50496019277,3212.06328505888
"77",2011,"LRLD","DAKABARICHA",0.60045214096752,0.204038072464795,0.248364744888889,-2.86784426432559,-1.90997086181954,-2.07130704072053,-3.30201980498161,-2.54445978121774,-2.33230617942127,9.3897436242073,5.11282054755168,0.544511197768013,1572.55598884007,2277.44401115993,3722.50496019277,2277.44401115993
"78",2011,"LRLD","DIRIB GOMBO",0.41168254720544,0.164997851356235,0.188348687888889,-1.93376431571937,-1.78276295823403,-1.95527370525653,-2.35830657895633,-2.43723065094974,-2.25494053743021,6.18020832965461,4.0218750371132,0.650766903409221,2103.83451704611,1746.16548295389,3722.50496019277,1746.16548295389
"79",2011,"LRLD","EL GADE",0.114269310048034,0.118029222010431,0.136685736851852,-0.948781787781226,-1.82471453868104,-0.746260924109316,-0.993546100412142,-2.64355069129809,-0.814659285966293,23.0265306529342,4.43265308713426,0.192501994935543,0,4037.49002532228,3909.99498551506,4037.49002532228
"80",2011,"LRLD","ILLAUT",0.197747579287639,0.14339992220839,0.156155945703704,-1.68227357148225,-1.26134911677221,-1.35184216645972,-1.87396332302464,-1.58572756726354,-1.47441491619704,16.6447368246552,3.88947369746472,0.233675890369344,18.3794518467204,3831.62054815328,3722.50496019277,3831.62054815328
"81",2011,"LRLD","KALACHA",0.087842776710911,0.103987534814853,0.122208233296296,-1.14798126020157,-1.80246846117562,-0.592708511271863,-1.25318613299922,-2.68443473241942,-0.622060766765772,16.2732673430502,2.77326732969815,0.170418593343059,0,4147.9070332847,4020.41199347748,4147.9070332847
"82",2011,"LRLD","KARARE",0.464394894059001,0.210370614007568,0.244922000111111,-1.75155685402412,-1.77828230497369,-2.18937262102879,-1.90120731715868,-2.39690092726877,-2.37716157562532,12.1509434233578,5.34905660377358,0.440217390321404,1051.08695160702,2798.91304839298,3722.50496019277,2798.91304839298
"83",2011,"LRLD","KARGI",0.108424639049012,0.13286151966199,0.151042741148148,-1.18437861010386,-1.60811798420794,-1.10406193131742,-1.3053503944746,-2.33111966289745,-1.18190068672055,38.7270000267029,5.74099995568395,0.148242826754601,0,4258.78586622699,4131.29082641977,4258.78586622699
"84",2011,"LRLD","LOGOLOGO",0.186531616590733,0.136924637035505,0.159309136296296,-1.27180005262685,-1.44482567370479,-1.16709683617472,-1.48891942885305,-1.95650377508585,-1.3455439323213,9.5822221626838,2.09555558098687,0.218692026276287,0,3906.53986861856,3779.04482881134,3906.53986861856
"85",2011,"LRLD","LOIYANGALANI",0.480042444625371,0.121901651479815,0.117982205666667,-0.767289246155167,-0.848906061390691,-1.55041172070885,-0.729116350145066,-0.828363215064033,-1.662640341743,9.84803147631602,2.36692914759784,0.240345408449412,51.7270422470613,3798.27295775294,3722.50496019277,3798.27295775294
"86",2011,"LRLD","LONTOLIO",0.236068486905404,0.159486758935938,0.184884812,-1.33655502680062,-1.26163167814105,-1.60147408109827,-1.46653049591477,-1.57000595296864,-1.75251954674309,8.58333337306976,2.15999997357527,0.251650481193272,108.252405966359,3741.74759403364,3722.50496019277,3741.74759403364
"87",2011,"LRLD","NGURUNIT",0.291080057409141,0.168304994113172,0.211535403481481,-1.47231035392598,-1.26455853241051,-1.42455239510726,-1.64564296548632,-1.58379192470246,-1.54327328220086,16.8048780487805,2.41219513045578,0.143541364802158,0,4282.29317598921,4154.79813618198,4282.29317598921
"88",2011,"LRLD","SAGANTE",0.41666997591389,0.16886823703804,0.196874916259259,-2.05634856784018,-1.82064474307505,-1.72762304234498,-2.46958264922291,-2.53406088499604,-2.0068719875122,4.34333332727353,1.62666666805744,0.37452033852501,722.601692625052,3127.39830737495,3722.50496019277,3127.39830737495
"89",2011,"LRLD","SOUTH HORR",0.451165910727896,0.147529673944007,0.202303586259259,-1.78615042249956,-1.20490539001723,-1.23448638573354,-1.99060430182699,-1.4121187609149,-1.28732804286788,5.59999998172988,1.44999999196633,0.258928570838748,144.642854193738,3705.35714580626,3722.50496019277,3705.35714580626
"90",2011,"LRLD","TURBI",0.241981011404038,0.127945888498216,0.149713420703704,-1.08869902392171,-1.9373694176872,-1.22508940257607,-1.208097630736,-2.71184301766927,-1.39322170786797,47.6738093371193,11.8476191333362,0.248514211431213,92.5710571560662,3757.42894284393,3722.50496019277,3757.42894284393
"91",2011,"SRSD","BUBISA",0.607841790262241,0.138446497094854,0.172259142263158,-0.898256914077415,-0.76744057956077,-1.25237404388008,-0.985667758033168,-1.07262790605742,-1.41108994986421,19.7565789638381,0.946052634990529,0.0478854480182099,0,4760.57275990895,4633.07772010172,4760.57275990895
"92",2011,"SRSD","DAKABARICHA",1.57061472311042,0.320216849937727,0.312728890315789,-2.47028101311206,-0.711197244941562,-1.94119463991738,-2.70686604081988,-0.906358744475531,-2.09231023548936,4.3692307613599,1.25384614119927,0.286971828608343,284.859143041713,3565.14085695829,3722.50496019277,3565.14085695829
"93",2011,"SRSD","DIRIB GOMBO",1.16994475214181,0.211797652823274,0.224872387,-1.56955501655467,-0.754359173290236,-1.83168326991041,-1.81766676499386,-1.03536379853676,-2.07707380499107,2.50721647605761,0.439175257824131,0.175164475033563,0,4124.17762483218,3996.68258502496,4124.17762483218
"94",2011,"SRSD","EL GADE",0.195205658462057,0.12563722990629,0.134503627421053,-0.262892618487992,-1.0300963950027,-0.886286581100052,-0.133165680407577,-1.54923706345878,-0.955590731395931,18.3352941707069,1.70196078074913,0.092824296403613,0,4535.87851798194,4408.38347817471,4535.87851798194
"95",2011,"SRSD","ILLAUT",0.37729811138765,0.152585404455961,0.160191391473684,-0.689318998796262,-0.793548188767725,-1.0166312658322,-0.648086755237826,-0.933373878670743,-1.10228021351474,13.0973684076024,0.276315786728733,0.0210970462255873,0,4894.51476887206,4767.01972906484,4894.51476887206
"96",2011,"SRSD","KALACHA",0.197191576053606,0.111528889622377,0.116592353263158,-0.468056402553368,-0.948698754564266,-0.889764191601366,-0.317670989034134,-1.36192221852136,-0.963678387693764,13.9267326549876,2.07326730938241,0.148869613623258,0,4255.65193188371,4128.15689207648,4255.65193188371
"97",2011,"SRSD","KARARE",1.37290464018953,0.302499139704067,0.334407422,-0.868227451598911,-0.773886384083552,-1.19075774220256,-0.802965671694883,-1.01598708536,-1.18692711481661,7.65090909017758,0.749090909957886,0.0979087453698263,0,4510.45627315087,4382.96123334364,4510.45627315087
"98",2011,"SRSD","KARGI",0.299174757215909,0.142760625206386,0.153329949947368,-0.521127751048367,-0.895477155978451,-1.0004077896758,-0.42732747772014,-1.14751838460263,-1.08147583882366,31.5702969263686,8.17722772991303,0.259016497341941,145.082486709704,3704.9175132903,3722.50496019277,3704.9175132903
"99",2011,"SRSD","LOGOLOGO",0.391461561067934,0.143948132057258,0.163223379210526,-0.924762527638958,-0.887042695407544,-1.23700288894108,-1.06421703584047,-1.17125282338866,-1.39584686856033,9.04565212486879,0.456521748200707,0.0504686386231472,0,4747.65680688426,4620.16176707704,4747.65680688426
"100",2011,"SRSD","LOIYANGALANI",0.386259508743289,0.133977994354804,0.114876972789474,-0.0998625398208483,-0.687674207956943,-1.11281662556173,0.0382763756934074,-0.782783420141593,-1.17363006593592,10.113953464022,1.88062015302884,0.185943128937532,0,4070.28435531234,3942.78931550511,4070.28435531234
"101",2011,"SRSD","LONTOLIO",0.435986715577506,0.171259732382126,0.187449529526316,-0.816774266876129,-0.842394096856929,-1.14271254620471,-0.834857038688208,-1.07557746109408,-1.25894014161583,5.99333334167798,0.536666667709748,0.0895439377579313,0,4552.28031121034,4424.78527140312,4552.28031121034
"102",2011,"SRSD","NGURUNIT",0.630994439584455,0.178099511299923,0.219178927105263,-1.01394413391704,-0.796459460217751,-1.2174846134277,-1.09491096026497,-0.946622424849751,-1.31330340809489,15.5365855461214,0.668292678710891,0.0430141279579751,0,4784.92936021012,4657.4343204029,4784.92936021012
"103",2011,"SRSD","SAGANTE",1.19598775208473,0.222498244089739,0.225483470736842,-1.70521105407558,-0.740428354138426,-1.73764790501284,-1.91171989038302,-1.01492184484926,-1.96262978180794,2.98666667317351,0.420000002036492,0.140625000375491,0,4296.87499812254,4169.37995831532,4296.87499812254
"104",2011,"SRSD","SOUTH HORR",0.517583089525548,0.154134889501294,0.183916231368421,-0.899803367719498,-0.900662565430442,-1.30899240601006,-0.922753502354677,-1.09613084523053,-1.45874575125907,4.74893611701245,0.159574468085106,0.033602150914065,0,4831.98924542968,4704.49420562245,4831.98924542968
"105",2011,"SRSD","TURBI",0.563981884017562,0.141791908810218,0.148994932368421,-0.550267680195962,-0.781478457060575,-1.04170640751805,-0.569358616768697,-1.05501576891508,-1.15780163505956,24.8441857366368,1.1279069777838,0.0453992330334465,0,4773.00383483277,4645.50879502554,4773.00383483277
"106",2012,"LRLD","BUBISA",0.773009938976867,0.176483345942938,0.227425713962963,-0.101454350942075,-0.248187170753471,0.236387484165242,-0.02730253674468,-0.0411780744433169,0.317255237225881,19.175000017901,0.636842105145517,0.0332121045398168,0,4833.93947730092,4706.44443749369,4833.93947730092
"107",2012,"LRLD","DAKABARICHA",2.24347557592501,0.407330298376064,0.495893748481481,-0.161462652293074,0.28677844327858,1.09982938728314,-0.0634149269157386,0.410006109756489,1.03546726473908,3.4205128378593,0.0461538468415921,0.01349325350595,0,4932.53373247025,4805.03869266302,4932.53373247025
"108",2012,"LRLD","DIRIB GOMBO",1.64917957769671,0.283583865855698,0.390861163925926,-0.325865782854156,0.242605311923479,0.919075071264507,-0.236104836662393,0.394086379741245,0.905876512862552,2.22886599147135,0.0701030931368317,0.0314523589148373,0,4842.73820542581,4715.24316561859,4842.73820542581
"109",2012,"LRLD","EL GADE",0.563662920352488,0.13052230842581,0.150911433111111,-0.439010376279969,0.221329945340456,-0.247973453900492,-0.409804017450781,0.3794696698354,-0.218515577027744,17.2693877548588,0.791836730071476,0.0458520441669215,0,4770.73977916539,4643.24473935817,4770.73977916539
"110",2012,"LRLD","ILLAUT",0.516266689275068,0.165631489930809,0.190795888555556,-0.621956552822881,-0.00898211305528629,0.086107788768317,-0.628332818183361,0.204787485883677,0.136704546135387,14.0605262757132,0.597368415445089,0.0424854947625201,0,4787.5725261874,4660.07748638017,4787.5725261874
"111",2012,"LRLD","KALACHA",0.609293681316665,0.111706732297548,0.129419588666667,-0.825189294727417,0.600646251476426,-0.221498804435227,-0.860795893579423,0.674098317277179,-0.19703268331761,12.2376237243119,0.656435641321805,0.0536407766826248,0,4731.79611658688,4604.30107677965,4731.79611658688
"112",2012,"LRLD","KARARE",2.03161195711059,0.316596819962436,0.358552099259259,-0.090037690472553,0.396631009952017,-0.10672614769137,-0.0018992363541516,0.50627791368775,-0.0382009706322481,8.21999999799512,0.747272714972496,0.0909090894348854,0,4545.45455282557,4417.95951301835,4545.45455282557
"113",2012,"LRLD","KARGI",0.542967628161152,0.161376289298783,0.183703867407407,-0.131018990654141,0.228604137383711,0.392788434577774,-0.0807556968011413,0.410671664233907,0.450148981102235,24.1960395840135,3.29009900581424,0.135976757451993,0,4320.11621274003,4192.62117293281,4320.11621274003
"114",2012,"LRLD","LOGOLOGO",0.705143895825895,0.158288299749578,0.193969244333333,-0.695155375843202,0.115262812762834,-0.290567815470382,-0.736354886650528,0.328643221850418,-0.256341771057682,10.0456520963622,0.667391305222459,0.0664358369989877,0,4667.82081500506,4540.32577519783,4667.82081500506
"115",2012,"LRLD","LOIYANGALANI",0.897935194138536,0.175551893580569,0.163704974814815,0.863887892872403,1.02689802674436,1.05005391164082,0.878053046449928,1.03471988171476,1.06669448567094,9.53203123883577,1.50546877185116,0.157937876422133,0,4210.31061788933,4082.81557808211,4210.31061788933
"116",2012,"LRLD","LONTOLIO",0.68562888591607,0.175279562884534,0.231143535037037,-0.804325189166417,0.186630799746684,0.100689751405575,-0.827844671291472,0.389891939107404,0.149090077630099,6.29333336353302,0.4099999944369,0.0651483038881528,0,4674.25848055924,4546.76344075201,4674.25848055924
"117",2012,"LRLD","NGURUNIT",0.720706943304754,0.204525136942407,0.267871741111111,-0.168420624422544,0.0262384161029058,0.181073919139311,-0.128870704900986,0.233287405542972,0.236984892190692,16.9825001299381,0.710000003874302,0.0418077431733774,0,4790.96128413311,4663.46624432589,4790.96128413311
"118",2012,"LRLD","SAGANTE",1.70575964852023,0.304450839207971,0.384491107777778,-0.0861914799897056,0.258563292124613,0.772381962411152,0.007790087967856,0.405060527297826,0.806922475201342,2.81724136887953,0.151724138907317,0.0538555697013852,0,4730.72215149307,4603.22711168585,4730.72215149307
"119",2012,"LRLD","SOUTH HORR",0.923992128855695,0.1806788812424,0.260673300481481,-0.489323340667285,0.184943499786378,0.729443060518669,-0.467764874406533,0.35574815932244,0.760155213233747,4.93829786492155,0.41063829669927,0.0831538128990106,0,4584.23093550495,4456.73589569772,4584.23093550495
"120",2012,"LRLD","TURBI",0.903712165279988,0.190066779021689,0.219217321148148,0.278540767526476,0.107875362110877,0.377886614600457,0.382772709119878,0.264761583116609,0.471167765162798,23.2488372048666,0.83255814345077,0.0358107433982329,0,4820.94628300884,4693.45124320161,4820.94628300884
"121",2012,"SRSD","BUBISA",2.68465628009664,0.2609663285748,0.304222822263158,1.32676501021519,2.0123800907165,1.92205467609446,1.36344483850273,1.95424370543224,1.86925397950435,18.6480000094573,0.493333332836628,0.026455026414974,0,4867.72486792513,4740.2298281179,4867.72486792513
"122",2012,"SRSD","DAKABARICHA",6.15894867281081,0.534533659334939,0.576459703294118,0.811427154495317,2.32972480079738,1.14918906718266,0.788181414759047,2.1284880075309,1.06053410026612,4.53589745247975,0.546153850089281,0.120407010037386,0,4397.96494981307,4270.46991000585,4397.96494981307
"123",2012,"SRSD","DIRIB GOMBO",4.64195017029254,0.461244314935201,0.485614997842105,1.23300753512081,1.85111978682916,1.21634657447498,1.19550565922646,1.85791563173604,1.13509963585443,2.67319587049718,0.201030927758241,0.0752024683177639,0,4623.98765841118,4496.49261860395,4623.98765841118
"124",2012,"SRSD","EL GADE",1.5960046635227,0.226702846496241,0.227353463842105,2.71813994797853,2.91771117959808,3.24040687895165,1.92803480517608,2.23106266235563,3.04124309277637,15.4333332297849,0.42549020168828,0.0275695596896155,0,4862.15220155192,4734.6571617447,4862.15220155192
"125",2012,"SRSD","ILLAUT",1.08180207867778,0.219708341572486,0.24700417,1.10751012919137,1.14837370504301,2.4013150842954,1.08941292889889,1.26911509026696,2.33525539762954,15.1578947870355,0.79736840822979,0.0526041656465235,0,4736.97917176738,4609.48413196016,4736.97917176738
"126",2012,"SRSD","KALACHA",1.56000481757944,0.212232307192398,0.186147618684211,2.44683217792302,2.98335273776084,3.52030453400587,1.78070341315999,2.25434884119756,3.36710344456464,11.9813726090041,0.510784318561063,0.0426315360710179,0,4786.84231964491,4659.34727983768,4786.84231964491
"127",2012,"SRSD","KARARE",5.6897778041114,0.435707405600081,0.467467629684211,0.921395575652648,2.72016041017751,1.00893362868923,0.894048105112829,2.35710917067889,0.977133364227575,9.60555552318692,0.824074068417152,0.0857914012810517,0,4571.04299359474,4443.54795378751,4571.04299359474
"128",2012,"SRSD","KARGI",1.34236382109881,0.212207755897686,0.235474855157895,1.34938441250847,2.36436828585703,2.23463857772928,1.21965661164592,2.02933372753654,2.18379622746729,19.0059405369039,2.43663367208573,0.128203793301074,0,4358.98103349463,4231.4859936874,4358.98103349463
"129",2012,"SRSD","LOGOLOGO",1.13694029566372,0.22787255842677,0.273235761789474,0.550919834336128,0.738436381072508,1.40240678407861,0.690525507029678,0.967841803315348,1.42532602490745,9.11739130609709,0.676086962061084,0.0741535532876562,0,4629.23223356172,4501.73719375449,4629.23223356172
"130",2012,"SRSD","LOIYANGALANI",1.40558161803813,0.219688054338196,0.186695536105263,1.90839905213981,3.4986251416229,2.34157515319688,1.31320282150368,2.79840725143206,2.20061813255037,9.61484380898764,1.27109374589054,0.13220118507826,0,4338.9940746087,4211.49903480147,4338.9940746087
"131",2012,"SRSD","LONTOLIO",1.27741581021186,0.24835051790254,0.324053969105263,0.649280407690044,0.988817518668035,2.12764667561148,0.731059285564915,1.17365146807106,2.03294475135886,7.96333332459132,0.506666669001182,0.0636249480398567,0,4681.87525980072,4554.38021999349,4681.87525980072
"132",2012,"SRSD","NGURUNIT",1.62756890547029,0.28470507165534,0.346914695684211,1.16384652257808,1.1748806377553,1.76167216150145,1.20076898967075,1.3014775478666,1.70070180115201,19.0390245521941,1.34634146203355,0.07071483406845,0,4646.42582965775,4518.93078985052,4646.42582965775
"133",2012,"SRSD","SAGANTE",4.74889838973986,0.431009807845633,0.490918038722222,0.906052076072933,1.83880462296296,1.19144147301715,0.903432208901249,1.85647508211828,1.11607418439286,4.60000009660919,0.123333333681027,0.0268115937153871,0,4865.94203142306,4738.44699161584,4865.94203142306
"134",2012,"SRSD","SOUTH HORR",1.78384956745783,0.24657245532384,0.305385367894737,1.19790114464648,2.31412373380254,1.6159225348936,1.19888090183836,2.02672535282427,1.59484192120206,5.83404257164357,0.482978721882435,0.0827862868587827,0,4586.06856570609,4458.57352589886,4586.06856570609
"135",2012,"SRSD","TURBI",2.6961776759172,0.266858050926652,0.296771865947368,1.60140941833486,2.42305498634033,2.34727635365417,1.66605974190774,2.1422232575001,2.19217975536413,20.2209303434505,0.765116270718186,0.037837837217317,0,4810.81081391341,4683.31577410619,4810.81081391341
"136",2013,"LRLD","BUBISA",1.5149282851579,0.235916005331214,0.268154932444444,1.40035677802051,1.95684967185379,1.3119269500208,1.41685070972644,1.44063354559304,1.3719392103138,21.6600000874201,0.70666666050752,0.0326254227911081,0,4836.87288604446,4709.37784623723,4836.87288604446
"137",2013,"LRLD","DAKABARICHA",3.16125276837508,0.464007804923781,0.46974852016,0.593071668185792,1.51386161619861,0.764878392670867,0.580164816800357,1.19915589138982,0.761860583554537,3.74358976250276,0.187179487867233,0.0499999999311076,0,4750.00000034446,4622.50496053724,4750.00000034446
"138",2013,"LRLD","DIRIB GOMBO",2.43323266748392,0.374511309752312,0.413674457,0.907012345782276,1.52583768424162,1.24287418882548,0.928438759916045,1.21851221287077,1.16518214754564,3.08556703309116,0.22989690649448,0.0745071826438872,0,4627.46408678056,4499.96904697334,4627.46408678056
"139",2013,"LRLD","EL GADE",0.92688285991323,0.139265105526454,0.160006300481481,-0.0822668246642887,1.87503426330216,0.0705950274781911,-0.0248477602037079,1.44588168329635,0.140882151622526,16.5764706032533,0.70196079141369,0.0423468184642346,0,4788.26590767883,4660.7708678716,4788.26590767883
"140",2013,"LRLD","ILLAUT",1.00504905677416,0.182917393189069,0.212242623074074,0.20248091539715,1.91283321877414,0.976390173834165,0.25443204664226,1.55262592218134,1.02174426709622,17.7552629552389,1.33947369613146,0.0754409382450866,0,4622.79530877457,4495.30026896734,4622.79530877457
"141",2013,"LRLD","KALACHA",0.926774416673847,0.139634684713383,0.138149754407407,0.342667684211829,2.06376122429877,0.227892759121731,0.417269676195103,1.5176432480587,0.295219839955921,12.7686274598042,0.686274507977799,0.0537469285667703,0,4731.26535716615,4603.77031735892,4731.26535716615
"142",2013,"LRLD","KARARE",2.76113215119699,0.411929326521679,0.432383677740741,1.40108952369986,1.40902630670578,1.24648112483699,1.28120803570958,1.1302429052997,1.15400161099225,10.0962962396443,0.470370371032644,0.0465884082507088,0,4767.05795874646,4639.56291893923,4767.05795874646
"143",2013,"LRLD","KARGI",0.901499987216784,0.179993980805342,0.178702095,0.556734222511409,1.74404525985913,0.163558591163241,0.632593629603262,1.39304250182738,0.215598248253502,19.8108911126262,1.62673268268014,0.0821130495055502,0,4589.43475247225,4461.93971266502,4589.43475247225
"144",2013,"LRLD","LOGOLOGO",1.1602711619666,0.182955165647711,0.199744797192308,-0.0293511500666332,1.48437580181654,-0.144508268105634,0.0419761627696969,1.25719217192787,-0.0900262051373255,9.98913045292315,0.778260882134023,0.0779107736956501,0,4610.44613152175,4482.95109171452,4610.44613152175
"145",2013,"LRLD","LOIYANGALANI",0.883760158671683,0.178542038415786,0.152993155592593,0.954799987703722,0.963270243038708,0.440823143988168,0.955976884253391,0.986433656997525,0.483680676850428,9.69689924801274,1.13178294510111,0.116715964160714,0,4416.42017919643,4288.9251393892,4416.42017919643
"146",2013,"LRLD","LONTOLIO",1.2339947099649,0.183658001553031,0.232125497259259,-0.521965256967108,1.95319575714425,0.136822624727943,-0.506958836043552,1.54572089633524,0.185971972819259,9.50666671792666,0.816666678587596,0.0859046291217523,0,4570.47685439124,4442.98181458401,4570.47685439124
"147",2013,"LRLD","NGURUNIT",1.40655613533858,0.214404641057817,0.284317095333333,0.187231864564136,2.08684512690535,0.649778392971107,0.247402028172384,1.65210930620646,0.69731135282452,20.0951218794032,1.82439025327927,0.0907877177470222,0,4546.06141126489,4418.56637145766,4546.06141126489
"148",2013,"LRLD","SAGANTE",2.485850129169,0.372329125270927,0.446614121083333,0.900151046689832,1.51679259146288,1.6001774896383,0.908171204038717,1.22051196413461,1.47211544503104,5.44333341817061,0.153333334376415,0.0281690138371033,0,4859.15493081448,4731.65989100726,4859.15493081448
"149",2013,"LRLD","SOUTH HORR",1.42615024306545,0.20316271428711,0.26507421137037,0.390264618505081,1.66101202302478,0.877517770155166,0.445184161341177,1.46199077348713,0.898547056583845,5.72978728343832,0.729787240795633,0.127367248502409,0,4363.16375748795,4235.66871768073,4363.16375748795
"150",2013,"LRLD","TURBI",1.54963789058359,0.262899280908703,0.274831947962963,1.88153605383881,2.10426953227583,1.66053280306335,1.79049067270208,1.56530012496198,1.64353973312423,23.4465115707974,1.03720928867196,0.0442372540384132,0,4778.81372980793,4651.31869000071,4778.81372980793
"166",2014,"SRSD","BUBISA",1.10940543585662,0.18843321446903,0.236664805421053,0.00952708086845496,-0.0960965590392025,0.296924875772866,0.117786592583503,0.131279047266331,0.379898631833972,18.2186666228374,0.955999991695086,0.0524736530661758,0,4737.63173466912,4610.13669486189,4737.63173466912
"167",2014,"SRSD","DAKABARICHA",2.35164449038737,0.454745271038878,0.572972591555556,-0.410325848863923,-0.193569133359596,1.10832727640444,-0.334888982695576,-0.0176126027701958,1.02832688001159,3.33846155000039,0.100000000343873,0.0299539170501638,0,4850.23041474918,4722.73537494195,4850.23041474918
"168",2014,"SRSD","DIRIB GOMBO",1.76706410837781,0.31599105472418,0.444533592666667,-0.398929906453471,-0.30626600177048,0.736113026841095,-0.309283502260362,-0.179614958523181,0.750854659806825,3.99175258987036,0.164948453761868,0.0413223139581466,0,4793.38843020927,4665.89339040204,4793.38843020927
"169",2014,"SRSD","EL GADE",0.740381721135905,0.125162264342587,0.151050808631579,-0.276902208110281,0.506348292593061,-0.150850234458451,-0.145445650798783,0.774561717636195,-0.11343591673749,17.0080000478029,1.59800000488758,0.093955785535996,0,4530.22107232002,4402.72603251279,4530.22107232002
"170",2014,"SRSD","ILLAUT",0.532230512492386,0.173670069376008,0.195927899368421,-0.124898821287794,-0.366486545774808,0.390367436416403,-0.0469582002259738,-0.233828819767521,0.458952881408285,16.8078946879036,1.09473683567424,0.0651322997913656,0,4674.33850104317,4546.84346123595,4674.33850104317
"171",2014,"SRSD","KALACHA",0.609364775956762,0.118660246143051,0.127036244473684,-0.2616372939768,0.240522333397185,-0.227581713792206,-0.130579434607742,0.531511960406514,-0.208945830738851,13.2578431356187,0.742156861386463,0.0559787028549594,0,4720.1064857252,4592.61144591798,4720.1064857252
"172",2014,"SRSD","KARARE",1.97887608708465,0.389358230740984,0.442627548052632,0.298704858496249,-0.283417354524643,0.59828859687845,0.363112657670188,-0.157956367127461,0.61898365474197,9.80545461272652,0.267272728546099,0.027257556034088,0,4863.71221982956,4736.21718002233,4863.71221982956
"173",2014,"SRSD","KARGI",0.48245838512112,0.160952659072363,0.181299553526316,-0.0311374478145654,-0.322736969491085,0.101096487722027,0.0554102556463648,-0.178439327426404,0.158755170810501,18.9649484656828,1.9515463768975,0.102902804108793,0,4485.48597945604,4357.99093964881,4485.48597945604
"174",2014,"SRSD","LOGOLOGO",0.600754326929706,0.198350880784096,0.245768043052632,0.0318263966115998,-0.430690292610413,0.743403126215107,0.142393908252289,-0.332000319836655,0.823130558912059,18.5955553145872,0.455555550257365,0.0244980879866495,0,4877.50956006675,4750.01452025953,4877.50956006675
"175",2014,"SRSD","LOIYANGALANI",0.43910478267066,0.139060749511459,0.132147546210526,0.0192308544018068,-0.470641599860602,-0.282121550559928,0.129123845147398,-0.442951519937594,-0.243991643078879,11.6161538130962,2.5892307389241,0.22289914377726,0,3885.5042811137,3758.00924130647,3885.5042811137
"176",2014,"SRSD","LONTOLIO",0.559563287790264,0.192009038338247,0.250409607,-0.422179546046362,-0.573453010928473,0.364574263850455,-0.365300711275844,-0.568427203742243,0.444729965290026,10.4833333325883,0.45666666701436,0.0435612083033529,0,4782.19395848324,4654.69891867601,4782.19395848324
"177",2014,"SRSD","NGURUNIT",0.815583294900639,0.22345729526028,0.305027793526316,-0.0873530838924077,-0.431321254714676,0.784751994716989,-0.00915477533931908,-0.348533029470393,0.835136913876952,17.41707303902,1.11951219272323,0.0642767122934578,0,4678.61643853271,4551.12139872548,4678.61643853271
"178",2014,"SRSD","SAGANTE",1.88753585211865,0.320226460948865,0.476896834058824,-0.481326465314106,-0.238399497584777,1.03671648011793,-0.393396804210165,-0.0748194373411001,0.996241384749102,5.72333337962627,0.289999994138877,0.0506697714257235,0,4746.65114287138,4619.15610306416,4746.65114287138
"179",2014,"SRSD","SOUTH HORR",0.762170764724619,0.191028264058231,0.244125562947368,-0.062574503070862,-0.279705507106363,0.140817632599483,0.0209251116519432,-0.141998408382438,0.213513101057051,5.0829787802823,0.544680841901201,0.10715780361195,0,4464.21098194025,4336.71594213302,4464.21098194025
"180",2014,"SRSD","TURBI",1.15954434341498,0.18672218104749,0.221510589473684,0.222726802305067,0.113608113330219,0.621302195333508,0.367817181271343,0.392137491368728,0.716406387433445,26.4976189590636,1.08571427705742,0.0409740316190202,0,4795.1298419049,4667.63480209767,4795.1298419049
"181",2015,"LRLD","BUBISA",0.848815977157093,0.140384323977372,0.198431077444444,-1.01364494598799,-0.022885952715249,-0.529276013355151,-1.10333156976979,0.161991851024005,-0.532647713012646,19.1986666323741,0.878666658997536,0.0457670668397287,0,4771.16466580136,4643.66962599413,4771.16466580136
"182",2015,"LRLD","DAKABARICHA",2.33757646144732,0.399263560085646,0.483000750625,-0.268853242761562,0.412592872021404,0.934654985191029,-0.161446303444389,0.504280435944017,0.902221277178024,3.53589746699883,0.300000000458497,0.0848440893036213,0,4575.77955348189,4448.28451367467,4575.77955348189
"183",2015,"LRLD","DIRIB GOMBO",1.68617992615765,0.272357354108919,0.34561429104,-0.478085181094585,0.303162493000372,0.276866273732061,-0.401495552826289,0.440894018854968,0.349310064013827,4.6298968977074,0.188659794935861,0.0407481633185568,0,4796.25918340722,4668.76414359999,4796.25918340722
"184",2015,"LRLD","EL GADE",0.74327093395181,0.119400906697993,0.146242274407407,-0.892811180033563,1.03906739661838,-0.411521391103051,-0.927369417568809,0.968318709220234,-0.409396679808594,16.7240001326799,1.45400002464652,0.0869409240080844,0,4565.29537995958,4437.80034015235,4565.29537995958
"185",2015,"LRLD","ILLAUT",0.606107532340094,0.164743296630925,0.178225355074074,-0.664318228953214,0.344257940407096,-0.435711722718624,-0.675583588894021,0.523748257103852,-0.419461782993897,16.0342106144679,2.58947366730947,0.161496797664174,0,4192.51601167913,4065.0209718719,4192.51601167913
"186",2015,"LRLD","KALACHA",0.711668040515766,0.12145734234417,0.129871084407407,-0.417450201566904,1.07244009940481,-0.19825773629331,-0.391092355321951,0.983848699584969,-0.170993281489641,13.664705879548,0.862745093364342,0.0631367481283013,0,4684.31625935849,4556.82121955127,4684.31625935849
"187",2015,"LRLD","KARARE",2.16669018410574,0.331409276324533,0.376438018222222,0.141648830604466,0.584086494820368,0.221092329365911,0.21797746168643,0.63685202228155,0.269304988710906,10.7472727298737,1.17999999983744,0.10979529686238,0,4451.0235156881,4323.52847588087,4451.0235156881
"188",2015,"LRLD","KARGI",0.650036070456364,0.144447049868693,0.160505361222222,-0.756399361275928,0.681159998173881,-0.670392675463469,-0.786218733853973,0.755492558232183,-0.683261157326732,18.6134021564857,1.91752578133775,0.103018554330735,0,4484.90722834632,4357.4121885391,4484.90722834632
"189",2015,"LRLD","LOGOLOGO",0.754288657810173,0.179104612175848,0.209420072423077,-0.133284693295536,0.26309999366209,0.100172432658738,-0.0739311110243252,0.452760237559429,0.180153161645382,21.217777997752,1.20888890259796,0.0569752828371583,0,4715.12358581421,4587.62854600698,4715.12358581421
"190",2015,"LRLD","LOIYANGALANI",0.77277854864895,0.13677736763097,0.14184324637037,-0.315009309247187,0.465104725615933,-0.193323830843119,-0.238051748025003,0.580913553934717,-0.156807470636586,9.62384615884377,2.59615383996413,0.269762608120914,198.813040604568,3651.18695939543,3722.50496019277,3651.18695939543
"191",2015,"LRLD","LONTOLIO",0.704562488248373,0.191987228712887,0.227849730740741,-0.241263791075536,0.247625553487151,-0.0205110551971582,-0.199165819789499,0.442624465530587,0.0244292154002104,10.9600000056128,1.97666665638487,0.180352797023046,0,4098.23601488477,3970.74097507754,4098.23601488477
"192",2015,"LRLD","NGURUNIT",0.752358302893911,0.190922101483165,0.245110758111111,-0.658116601299287,0.121333671347039,-0.467630536645157,-0.671585046226288,0.322999040183399,-0.441041579793778,17.29024373322,2.19756097746332,0.127098322694035,0,4364.50838652982,4237.0133467226,4364.50838652982
"193",2015,"LRLD","SAGANTE",1.60138939069382,0.25917192602202,0.317642323875,-0.744141470001419,0.090221645053798,-0.118384942972438,-0.694528939701003,0.269122227186217,-0.0246567066342684,6.02333337416252,0.0733333326876164,0.012174875294498,0,4939.12562352751,4811.63058372028,4939.12562352751
"194",2015,"LRLD","SOUTH HORR",0.950746151541033,0.170067682381684,0.219383118444444,-0.904443072774794,0.263585604012816,-0.659821996269608,-0.930016834942195,0.427844448254394,-0.642889762972979,5.15744674713054,0.689361700669248,0.133663367644618,0,4331.68316177691,4204.18812196968,4331.68316177691
"195",2015,"LRLD","TURBI",0.84460868291639,0.142850812373254,0.181105919111111,-0.760651488885852,-0.0747986559763774,-0.501080796662666,-0.780744992946481,0.103881178638934,-0.481785416376546,28.3047618411836,1.19523810258224,0.0422274566127301,0,4788.86271693635,4661.36767712912,4788.86271693635
